{
    "st": [
        309.0,
        0.7272727272727273
    ],
    "tt": [
        512.0,
        0.35
    ],
    "sa": [
        72.4,
        0.8125
    ],
    "ht": [
        108.0,
        0.7272727272727273
    ],
    "ha": [
        72.0,
        0.8125
    ],
    "cs": [
        426.0,
        0.6923076923076923
    ],
    "wb": [
        969.3,
        0.75
    ],
    "bbdrop": [
        -40.0,
        0.11764705882352941
    ],
    "so": [
        647.0,
        0.8333333333333334
    ],
    "reach": [
        349.0,
        0.625
    ],
    "stack": [
        534.0,
        0.625
    ]
}