{
    "wb": 39.441002,
    "tt": 19.75,
    "sa": 74.0,
    "cs": 15.55395
}